[
  {
    "estaci": "B16",
    "denominaci": "Còrsega",
    "operador": "TuV-RHEINLAND",
    "adre_a": "c. Còrsega, 384-392",
    "cp": "08037",
    "municipi": "Barcelona",
    "codi_municipi": "080193",
    "tel_atenc_public": null,
    "lat": "41399458",
    "long_coord": "2163486",
    "geocoded_column": "POINT (2163486 41399458)",
    "localitzador_a_google_maps": {
      "url": "http://maps.google.com/maps?t=k&q=41.399458+2.163486"
    },
    "serveis_territorials": "Barcelona",
    "horari_de_servei": "De dilluns a divendres de 7h a 21h",
    "correu_electr_nic": "b16@certio.com",
    "web": {
      "url": "http://www.itv-tuvrheinland.es"
    }
  },
  {
    "estaci": "L03",
    "denominaci": "Tremp",
    "operador": "APPLUS ITV",
    "adre_a": "Carretera COMARCAL 1412 KM. 54 S/N",
    "cp": "27620",
    "municipi": "Tremp",
    "codi_municipi": "252347",
    "tel_atenc_public": "902930200",
    "lat": "421622",
    "long_coord": "90961",
    "geocoded_column": "POINT (90961 421622)",
    "localitzador_a_google_maps": {
      "url": "http://maps.google.com/maps?t=k&q=42.1622+0.90961"
    },
    "serveis_territorials": "Lleida",
    "horari_de_servei": "De dilluns a divendres, matins 8-14h i tardes 15-17h, i dissabtes tancat. (D'1 a 31 d'agost: Oberta de dilluns a dij de 7 a 14'15h i div de 7 a 14h) (Els dies 22,23,29 i 30 desemb: Oberta de 8 a 15h)",
    "correu_electr_nic": "www.applusiteuve.com",
    "web": {
      "url": "http://www.applusiteuve.com"
    }
  },
  {
    "estaci": "T04",
    "denominaci": "Mora la Nova",
    "operador": "APPLUS ITV",
    "adre_a": "Polígon POL. IND. PARTIDA AUBALS CARRER D S/N",
    "cp": "43770",
    "municipi": "Móra la Nova",
    "codi_municipi": "430944",
    "tel_atenc_public": "902930200",
    "lat": "41105076",
    "long_coord": "645727",
    "geocoded_column": "POINT (645727 41105076)",
    "localitzador_a_google_maps": {
      "url": "http://maps.google.com/maps?t=k&q=41.105076+0.645727"
    },
    "serveis_territorials": "Terres de l'Ebre",
    "horari_de_servei": "De dill a div de 8'30-14h i 16-18'30h, diss tancat. (Dies:De 14 a 17 abril.2 maig.23,25,26 i 27 juny.23 i 31 oct.9,10,11,12 i 19 desem:Oberta 7-15h)(De 5 agost a 14 setemb:Oberta de 7-14h)",
    "correu_electr_nic": "www.applusiteuve.com",
    "web": {
      "url": "http://www.applusiteuve.com"
    }
  },
  {
    "estaci": "B19",
    "denominaci": "Àvila",
    "operador": "TuV-RHEINLAND",
    "adre_a": "Calle Ávila 130-134",
    "cp": "08018",
    "municipi": "Barcelona",
    "codi_municipi": "080193",
    "tel_atenc_public": "933092990",
    "lat": "41400287",
    "long_coord": "2191192",
    "geocoded_column": "POINT (2191192 41400287)",
    "localitzador_a_google_maps": {
      "url": "http://maps.google.com/maps?t=k&q=41.400287+2.191192"
    },
    "serveis_territorials": "Barcelona",
    "horari_de_servei": "De dilluns a divendres de 7h a 21. Dissabte de 8h a 14h",
    "correu_electr_nic": "b19@certio.com",
    "web": {
      "url": "http://www.itv-tuvrheinland.es"
    }
  },
  {
    "estaci": "B24",
    "denominaci": "Sabadell",
    "operador": "APPLUS ITV",
    "adre_a": "Carrer CAN CAMPS - POLÍGON CAN ROQUETA 1",
    "cp": "08200",
    "municipi": "Sabadell",
    "codi_municipi": "081878",
    "tel_atenc_public": "902930200",
    "lat": "41534279",
    "long_coord": "2132535",
    "geocoded_column": "POINT (2132535 41534279)",
    "localitzador_a_google_maps": {
      "url": "http://maps.google.com/maps?t=k&q=41.534279+2.132535"
    },
    "serveis_territorials": "Lleida",
    "horari_de_servei": "De dilluns a divendres de 7 a 21h i dissabtes de 8 a 14h. (Els dies: De 14 a 17 abril. 2 maig. 23 juny. Del 4 agost al 12 setembre. 31 octubre. 22, 23, 29 i 30 desembre. : Oberta de 7 a 14h.)",
    "correu_electr_nic": "www.applusiteuve.com",
    "web": {
      "url": "http://www.applusiteuve.com"
    }
  },
  {
    "estaci": "B09",
    "denominaci": "Olèrdola",
    "operador": "APPLUS ITV",
    "adre_a": "Avinguda HOSTAL NOU S/N",
    "cp": "08734",
    "municipi": "Olèrdola",
    "codi_municipi": "081458",
    "tel_atenc_public": "902930200",
    "lat": "41357229",
    "long_coord": "173028",
    "geocoded_column": "POINT (173028 41357229)",
    "localitzador_a_google_maps": {
      "url": "http://maps.google.com/maps?t=k&q=41.357229+1.73028"
    },
    "serveis_territorials": "Barcelona",
    "horari_de_servei": "De dilluns a dijous de 7 a 22h, divendres de 7 a 21h i dissabtes de 9 a 14h. (Els dies:De 14 a 17 abril. 2 maig. 23 juny. Del 4 agost al 12 setemb. 31 octub. 22,23,29 i 30 desemb. : Oberta de 7 a 14h)",
    "correu_electr_nic": "www.applusiteuve.com",
    "web": {
      "url": "http://www.applusiteuve.com"
    }
  },
  {
    "estaci": "G08",
    "denominaci": "Ripoll",
    "operador": "Revisions de Vehicles, S.A.",
    "adre_a": "Passeig d'Ordina s/n",
    "cp": "17500",
    "municipi": "Ripoll",
    "codi_municipi": "171479",
    "tel_atenc_public": "972492912",
    "lat": "42200316",
    "long_coord": "2186197",
    "geocoded_column": "POINT (2186197 42200316)",
    "localitzador_a_google_maps": {
      "url": "http://maps.google.com/maps?t=k&q=42.200316+2.186197"
    },
    "serveis_territorials": "Girona",
    "horari_de_servei": "General 2025, dl a dv de 8 a 14 i de 15 a 17. Agost:(4 al 29) de dl a dv de 7 a 14:15.",
    "correu_electr_nic": "https://www.citaprevia.cat/",
    "web": {
      "url": "https://www.citaprevia.cat/"
    }
  },
  {
    "estaci": "L08",
    "denominaci": "Vielha",
    "operador": "APPLUS ITV",
    "adre_a": "Carretera DE VIELHA A BOSSOST KM. 164,00 S/N",
    "cp": "25555",
    "municipi": "Vielha e Mijaran",
    "codi_municipi": "252430",
    "tel_atenc_public": "902930200",
    "lat": "42712861",
    "long_coord": "797632",
    "geocoded_column": "POINT (797632 42712861)",
    "localitzador_a_google_maps": {
      "url": "http://maps.google.com/maps?t=k&q=42.712861+0.797632"
    },
    "serveis_territorials": "Lleida",
    "horari_de_servei": "De dill a div de 8-13'30h i 14'30-17~h, i diss tancat. (D'1 a 31 agost: Oberta de dill a dij de 7-14'15h i div de 7-14h) (Els dies: 22,23,29 i 30 desembre: Oberta de 8-15h)",
    "correu_electr_nic": "www.applusiteuve.com",
    "web": {
      "url": "http://www.applusiteuve.com"
    }
  },
  {
    "estaci": "B05",
    "denominaci": "Sant Just Desvern",
    "operador": "APPLUS ITV",
    "adre_a": "Avinguda DE LA RIERA - POL. IND. NÚM. 1 19-21",
    "cp": "08960",
    "municipi": "Sant Just Desvern",
    "codi_municipi": "082212",
    "tel_atenc_public": "902930200",
    "lat": "41384595",
    "long_coord": "20618",
    "geocoded_column": "POINT (20618 41384595)",
    "localitzador_a_google_maps": {
      "url": "http://maps.google.com/maps?t=k&q=41.384595+2.061800"
    },
    "serveis_territorials": "Barcelona",
    "horari_de_servei": "De dilluns a dijous de 7 a 22h, divendres de 7 a 21h i dissabtes de 9 a 14h. (Els dies:De 14 a 17 abril.2 maig.23 juny.De 4 agost al 12 setemb.31 octub.22, 23, 29 i 30 desembre. : Oberta de 7 a  14h)",
    "correu_electr_nic": "www.applusiteuve.com",
    "web": {
      "url": "http://www.applusiteuve.com"
    }
  },
  {
    "estaci": "L04",
    "denominaci": "Montferrer",
    "operador": "TuV-RHEINLAND",
    "adre_a": "Ctra. N-260, Km. 230,5: \"Eix Pirenenc\" de Puigcerdà a Sabiñànigo",
    "cp": "25711",
    "municipi": "Montferrer i Castellbò",
    "codi_municipi": "251403",
    "tel_atenc_public": "937351654",
    "lat": "",
    "long_coord": "1429275",
    "geocoded_column": "POINT (1429275 42346625)",
    "localitzador_a_google_maps": {
      "url": "http://maps.google.com/maps?t=k&q=42.346625+1.429275"
    },
    "serveis_territorials": "Lleida",
    "horari_de_servei": "De dilluns a divendres de 8h a 14h i de 15h a 17h",
    "correu_electr_nic": "l04@certio.com",
    "web": {
      "url": "http://www.itv-tuvrheinland.es"
    }
  },
  {
    "estaci": "T07",
    "denominaci": "Baix Penedès",
    "operador": "ITEVELESA",
    "adre_a": "Sector 8, C/V3, Parcel·les 21-22-23: Polígon Industrial Els Massets",
    "cp": "43719",
    "municipi": "Bellvei",
    "codi_municipi": "430249",
    "tel_atenc_public": "977079020",
    "lat": "41229744",
    "long_coord": "1553195",
    "geocoded_column": "POINT (1553195 41229744)",
    "localitzador_a_google_maps": {
      "url": "http://maps.google.com/maps?t=k&q=41.229744+1.553195"
    },
    "serveis_territorials": "Tarragona",
    "horari_de_servei": "De dilluns a divendres de 7h a 21h. Dissabtes de 8:30h a 13:30h",
    "correu_electr_nic": "itv.bellvei@itevelesa.com",
    "web": {
      "url": "http://www.itevelesa.cat"
    }
  },
  {
    "estaci": "G08",
    "denominaci": "Ripoll",
    "operador": "Revisions de Vehicles, S.A.",
    "adre_a": "Passeig d'Ordina s/n",
    "cp": "17500",
    "municipi": "Ripoll",
    "codi_municipi": "171479",
    "tel_atenc_public": "972492912",
    "lat": "42200316",
    "long_coord": "2186197",
    "geocoded_column": "POINT (2186197 42200316)",
    "localitzador_a_google_maps": {
      "url": "http://maps.google.com/maps?t=k&q=42.200316+2.186197"
    },
    "serveis_territorials": "Gerona",
    "horari_de_servei": "General 2025, dl a dv de 8 a 14 i de 15 a 17. Agost:(4 al 29) de dl a dv de 7 a 14:15.",
    "correu_electr_nic": "https://www.citaprevia.cat/",
    "web": {
      "url": "https://www.citaprevia.cat/"
    }
  },
  {
    "estaci": "B06",
    "denominaci": "Manresa",
    "operador": "TuV-RHEINLAND",
    "adre_a": "c. Esteve Terrades, 2-4: Pol.Ind. \"Bufalvent\"",
    "cp": "80242",
    "municipi": "Manresa",
    "codi_municipi": "081136",
    "tel_atenc_public": "938745111",
    "lat": "41714116",
    "long_coord": "1844852",
    "geocoded_column": "POINT (1844852 41714116)",
    "localitzador_a_google_maps": {
      "url": "http://maps.google.com/maps?t=k&q=41.714116+1.844852"
    },
    "serveis_territorials": "Barcelona",
    "horari_de_servei": "De dilluns a divendres de 7h a 21h. Dissabte de 8h a 14h",
    "correu_electr_nic": "b06@certio.com",
    "web": {
      "url": "http://www.itv-tuvrheinland.es"
    }
  },
  {
    "estaci": "T06",
    "denominaci": "Tarragona",
    "operador": "APPLUS ITV",
    "adre_a": "Camí DE LA BUDELLERA S/N",
    "cp": "43007",
    "municipi": "Tarragona",
    "codi_municipi": "431482",
    "tel_atenc_public": "902930200",
    "lat": "41124588",
    "long_coord": "1274854",
    "geocoded_column": "POINT (1274854 41124588)",
    "localitzador_a_google_maps": {
      "url": "http://maps.google.com/maps?t=k&q=41.124588+1.274854"
    },
    "serveis_territorials": "Tarragona",
    "horari_de_servei": "De dilluns a divendres 6-14h i 14'30-21'30h i dissabt 8'30-13'30h. (Dies:2 i 3 gener.De 14 a 17 abril.2 maig.23 juny.De 4 agost a 14 setemb.22 setemb.9,10,11,12,22,23,29 i 30 desemb:Oberta de 7 a 14h)",
    "correu_electr_nic": "www.applusiteuve.com",
    "web": {
      "url": "http://www.applusiteuve.com"
    }
  },
  {
    "estaci": "B17",
    "denominaci": "Vilanova",
    "operador": "APPLUS ITV",
    "adre_a": "Ronda EUROPA S/N",
    "cp": "08800",
    "municipi": "Vilanova i la Geltrú",
    "codi_municipi": "083073",
    "tel_atenc_public": "902930200",
    "lat": "4122158",
    "long_coord": "1739638",
    "geocoded_column": "POINT (1739638 4122158)",
    "localitzador_a_google_maps": {
      "url": "http://maps.google.com/maps?t=k&q=41.22158+1.739638"
    },
    "serveis_territorials": "Barcelona",
    "horari_de_servei": "De dilluns a dijous de 7 a 22h, divendres de 7 a 21h i dissabtes de 9 a 14h. (Els dies:7 febrer. De 14 a 17 abril. 2 maig.23 juny.De 4 agost al 12 set. 31 oct. 22,23,29 i 30 desemb.:Oberta de 7 a 14h)",
    "correu_electr_nic": "www.applusiteuve.com",
    "web": {
      "url": "http://www.applusiteuve.com"
    }
  }
]