[{"NombreEstacion":"Estaci\u00F3n ITV do Esp\u00EDrito Santo","Direccion":"Estrada Nacional VI, km 582 - Pol\u00EDgono do Esp\u00EDrito Santo","Municipio":"Sada","CodigoPostal":"15168","Provincia":"A Coru\u00F1a","Telefono":"981 611 611 - 881 920 321","HorarioRaw":"de 8.00 a 21.00 horas (de luns a venres) e de 8.00 a 14.30 horas (s\u00E1bados)","UrlCita":"https://www.sycitv.com/gl/cita-previa-particulares/?estacion=o-espirito-santo","Correo":"espsanto@sycitv.com","Coordenadas":"43\u00B0 18.856\u0027, -8\u00B0 17.165\u0027"},{"NombreEstacion":"Estaci\u00F3n ITV de Santiago-Tambre","Direccion":"V\u00EDa de la Cierva, 2","Municipio":"Santiago de Compostela","CodigoPostal":"15890","Provincia":"A Coru\u00F1a","Telefono":"981 571 100 - 881 920 326","HorarioRaw":"de 8.00 a 21.00 horas (de luns a venres) e de 8.00 a 14.30 horas (s\u00E1bados)","UrlCita":"https://www.sycitv.com/gl/cita-previa-particulares/?estacion=santiago-tambre","Correo":"tambre@sycitv.com","Coordenadas":"42\u00B0 54.775\u0027, -8\u00B0 31.618\u0027"},{"NombreEstacion":"Estaci\u00F3n ITV da Coru\u00F1a-Sab\u00F3n","Direccion":"Avenida da Deputaci\u00F3n - Pol\u00EDgono Industrial de Sab\u00F3n - Parcela 69","Municipio":"Arteixo","CodigoPostal":"15142","Provincia":"A Coru\u00F1a","Telefono":"981 602 356 - 881 920 323","HorarioRaw":"de 8.00 a 21.00 horas (de luns a venres) e de 8.00 a 14.30 horas (s\u00E1bados)","UrlCita":"https://www.sycitv.com/gl/estacions-syc/a-coruna-sabon/","Correo":"sabon@sycitv.com","Coordenadas":"43\u00B0 18.891\u0027, -8\u00B0 30.461\u0027"},{"NombreEstacion":"Estaci\u00F3n ITV de Santiago-Cacheiras","Direccion":"Traves\u00EDa de Cacheiras, 128 - Cacheiras","Municipio":"Teo","CodigoPostal":"15886","Provincia":"A Coru\u00F1a","Telefono":"981 806 009 - 881 920 327","HorarioRaw":"de 8.00 a 21.00 horas (de luns a venres) e de 8.00 a 14.30 horas (s\u00E1bados)","UrlCita":"https://www.sycitv.com/gl/cita-previa-particulares/?estacion=santiago-cacheiras","Correo":"cacheiras@sycitv.com","Coordenadas":"42\u00B0 48.631\u0027, -8\u00B0 32.762\u0027"},{"NombreEstacion":"Estaci\u00F3n ITV de Ferrol","Direccion":"Avenida do Mar, 106 - Pol\u00EDgono Industrial da G\u00E1ndara","Municipio":"Nar\u00F3n","CodigoPostal":"15570","Provincia":"A Coru\u00F1a","Telefono":"981 315 051 - 881 920 328","HorarioRaw":"de 8.00 a 21.00 horas (de luns a venres) e de 8.00 a 14.30 horas (s\u00E1bados)","UrlCita":"https://www.sycitv.com/gl/cita-previa-particulares/?estacion=ferrol","Correo":"ferrol@sycitv.com","Coordenadas":"43\u00B0 29.441\u0027, -8\u00B0 11.784\u0027"},{"NombreEstacion":"Estaci\u00F3n ITV de Ribeira","Direccion":"Avenida da Coru\u00F1a, 76 - Pol\u00EDgono Industrial de Xar\u00E1s","Municipio":"Ribeira","CodigoPostal":"15969","Provincia":"A Coru\u00F1a","Telefono":"981 872 400","HorarioRaw":"de 8.00 a 21.00 horas (de luns a venres) e de 8.00 a 14.30 horas (s\u00E1bados)","UrlCita":"https://www.sycitv.com/gl/cita-previa-particulares/?estacion=ribeira","Correo":"ribeira@sycitv.com","Coordenadas":"42\u00B0 34.439\u0027, -8\u00B0 59.915\u0027"},{"NombreEstacion":"Estaci\u00F3n ITV de Santiago-A Sionlla","Direccion":"Pol\u00EDgono industrial da Sionlla - R\u00FAa Comunidade Valenciana 3","Municipio":"Santiago de Compostela","CodigoPostal":"15707","Provincia":"A Coru\u00F1a","Telefono":"","HorarioRaw":"de 8.00 a 21.00 horas (de luns a venres) e de 8.00 a 14.30 horas (s\u00E1bados)","UrlCita":"https://www.sycitv.com/gl/cita-previa-particulares/?estacion=santiago-a-sionlla","Correo":"","Coordenadas":"42.906076,-8.498523"},{"NombreEstacion":"Estaci\u00F3n ITV do Allo","Direccion":"Parque Empresarial do Allo - Parcela 17 - O Allo","Municipio":"Zas","CodigoPostal":"15851","Provincia":"A Coru\u00F1a","Telefono":"881 920 494","HorarioRaw":"de 8.00 a 21.00 horas (de luns a venres) e de 8.00 a 14.30 horas (s\u00E1bados)","UrlCita":"https://www.sycitv.com/gl/cita-previa-particulares/?estacion=o-allo","Correo":"oallo@sycitv.com","Coordenadas":"43\u00B0 9.303\u0027, -8\u00B0 56.227\u0027"},{"NombreEstacion":"Estaci\u00F3n ITV de Viveiro","Direccion":"R\u00FAa A Xunqueira, s/n","Municipio":"Viveiro","CodigoPostal":"27850","Provincia":"Lugo","Telefono":"881 920 963","HorarioRaw":"de 8:30 a 14:00 e de 16:00 a 19:30 horas (de luns a venres) e de 8:00 a 14:30 horas (s\u00E1bados)","UrlCita":"https://www.sycitv.com/gl/cita-previa-particulares/?estacion=viveiro","Correo":"viveiro@sycitv.com","Coordenadas":"43\u00B0 39.382\u0027, -7\u00B0 36.091\u0027"},{"NombreEstacion":"Estaci\u00F3n ITV de Monforte de Lemos","Direccion":"R\u00FAa do Mor\u00EDn, s/n","Municipio":"Monforte de Lemos","CodigoPostal":"27400","Provincia":"Lugo","Telefono":"982 410 412","HorarioRaw":"de 8.00 a 21.00 horas (de luns a venres) e de 8.00 a 14.30 horas (s\u00E1bados)","UrlCita":"https://www.sycitv.com/gl/cita-previa-particulares/?estacion=monforte-de-lemos","Correo":"monforte@sycitv.com","Coordenadas":"42\u00B0 32.491\u0027, -7\u00B0 30.038\u0027"},{"NombreEstacion":"Estaci\u00F3n ITV de Lugo","Direccion":"Pol\u00EDgono Industrial do Ceao - R\u00FAa das Comunicaci\u00F3ns - Parcela 98B","Municipio":"Lugo","CodigoPostal":"27003","Provincia":"Lugo","Telefono":"982 209 037 - 881 920 324","HorarioRaw":"de 8.00 a 21.00 horas (de luns a venres) e de 8.00 a 14.30 horas (s\u00E1bados)","UrlCita":"https://www.sycitv.com/gl/cita-previa-particulares/?estacion=lugo","Correo":"lugo@sycitv.com","Coordenadas":"43\u00B0 2.576\u0027, -7\u00B0 33.594\u0027"},{"NombreEstacion":"Estaci\u00F3n ITV de Foz","Direccion":"R\u00FAa Chelas, 17 - Cangas","Municipio":"Foz","CodigoPostal":"27780","Provincia":"Lugo","Telefono":"881 920 962","HorarioRaw":"de 8.00 a 21.00 horas (de luns a venres) e de 8.00 a 14.30 horas (s\u00E1bados)","UrlCita":"https://www.sycitv.com/gl/cita-previa-particulares/?estacion=foz","Correo":"foz@sycitv.com","Coordenadas":"43\u00B0 37.159\u0027, -7\u00B0 19.383\u0027"},{"NombreEstacion":"Estaci\u00F3n ITV de Vilalba","Direccion":"Pol\u00EDgono Sete Pontes - R\u00FAa do Toxo - Parcela 26","Municipio":"Vilalba","CodigoPostal":"27800","Provincia":"Lugo","Telefono":"881 920 491","HorarioRaw":"de 8.00 a 21.00 horas (de luns a venres) e de 8.00 a 14.30 horas (s\u00E1bados)","UrlCita":"https://www.sycitv.com/gl/cita-previa-particulares/?estacion=vilalba","Correo":"vilalba@sycitv.com","Coordenadas":"43\u00B0 19.000\u0027, -7\u00B0 39.852\u0027"},{"NombreEstacion":"Estaci\u00F3n ITV do Barco","Direccion":"Avenida do Sil, 35 - Viloira","Municipio":"Barco de Valdeorras, O","CodigoPostal":"32315","Provincia":"Ourense","Telefono":"881 920 967","HorarioRaw":"de 8.00 a 21.00 horas (de luns a venres) e de 8.00 a 14.30 horas (s\u00E1bados)","UrlCita":"https://www.sycitv.com/gl/cita-previa-particulares/?estacion=o-barco","Correo":"obarco@sycitv.com","Coordenadas":"42\u00B0 24.578\u0027, -6\u00B0 58.435\u0027"},{"NombreEstacion":"Estaci\u00F3n ITV do Carballi\u00F1o","Direccion":"Parque empresarial do Carballi\u00F1o - Parcela 30","Municipio":"Carballi\u00F1o, O","CodigoPostal":"32500","Provincia":"Ourense","Telefono":"","HorarioRaw":"de 8.00 a 21.00 horas (de luns a venres) e de 8.00 a 14.30 horas (s\u00E1bados)","UrlCita":"https://www.sycitv.com/gl/cita-previa-particulares/?estacion=o-carballino","Correo":"","Coordenadas":"42.439377,-8.051152"},{"NombreEstacion":"Estaci\u00F3n ITV de Ourense","Direccion":"Parque empresarial - Parcela 4","Municipio":"Pereiro de Aguiar, O","CodigoPostal":"32710","Provincia":"Ourense","Telefono":"988 259 356","HorarioRaw":"de 8.00 a 21.00 horas (de luns a venres) e de 8.00 a 14.30 horas (s\u00E1bados)","UrlCita":"https://www.sycitv.com/gl/cita-previa-particulares/?estacion=ourense","Correo":"ourense@sycitv.com","Coordenadas":"42\u00B0 19.165\u0027, -7\u00B0 48.414\u0027"},{"NombreEstacion":"Estaci\u00F3n ITV de Ver\u00EDn","Direccion":"Pol\u00EDgono de Pazos - Parcela A-6","Municipio":"Ver\u00EDn","CodigoPostal":"32600","Provincia":"Ourense","Telefono":"988 411 539 - 881 920 966","HorarioRaw":"de 8:30 a 14:00 e de 16:00 a 19:30 horas (de luns a venres) e de 8:00 a 14:30 horas (s\u00E1bados)","UrlCita":"https://www.sycitv.com/gl/cita-previa-particulares/?estacion=verin","Correo":"verin@sycitv.com","Coordenadas":"41\u00B0 55.723\u0027, -7\u00B0 27.876\u0027"},{"NombreEstacion":"Estaci\u00F3n ITV de Xinzo","Direccion":"Parque empresarial Xinzo de Limia - Parcela 47","Municipio":"Xinzo de Limia","CodigoPostal":"32630","Provincia":"Ourense","Telefono":"881 920 492","HorarioRaw":"de 9:00 a 13:30 e de 15:15 a 18:00 horas (de luns a venres)","UrlCita":"https://www.sycitv.com/gl/cita-previa-particulares/?estacion=xinzo","Correo":"xinzo@sycitv.com","Coordenadas":"42\u00B0 4.681\u0027, -7\u00B0 43.362\u0027"},{"NombreEstacion":"Estaci\u00F3n ITV de Vigo-Peinador","Direccion":"Avenida do Aeroporto, 770 - Peinador","Municipio":"Vigo","CodigoPostal":"36318","Provincia":"Pontevedra","Telefono":"881 920 322","HorarioRaw":"de 8.00 a 21.00 horas (de luns a venres) e de 8.00 a 14.30 horas (s\u00E1bados)","UrlCita":"https://www.sycitv.com/gl/cita-previa-particulares/?estacion=vigo-peinador","Correo":"peinador@sycitv.com","Coordenadas":"42\u00B0 13.477\u0027, -8\u00B0 38.200\u0027"},{"NombreEstacion":"Estaci\u00F3n ITV de Pontevedra-Bora","Direccion":"Estrada Pontevedra-Ourense, s/n - As Pontes - Santa Mari\u00F1a - Bora","Municipio":"Pontevedra","CodigoPostal":"36154","Provincia":"Pontevedra","Telefono":"986 865 020","HorarioRaw":"de 8.00 a 21.00 horas (de luns a venres) e de 8.00 a 14.30 horas (s\u00E1bados)","UrlCita":"https://www.sycitv.com/gl/cita-previa-particulares/?estacion=pontevedra-bora","Correo":"pontebora@sycitv.com","Coordenadas":"42\u00B0 26.640\u0027, -8\u00B0 34.993\u0027"},{"NombreEstacion":"Estaci\u00F3n ITV de Vilagarc\u00EDa","Direccion":"Pol\u00EDgono Industrial Trabanca-Badi\u00F1a - R\u00FAa de Pati\u00F1o, 27-31","Municipio":"Vilagarc\u00EDa de Arousa","CodigoPostal":"36600","Provincia":"Pontevedra","Telefono":"881 920 971","HorarioRaw":"de 8.00 a 21.00 horas (de luns a venres) e de 8.00 a 14.30 horas (s\u00E1bados)","UrlCita":"https://www.sycitv.com/gl/cita-previa-particulares/?estacion=vilagarcia","Correo":"villagarcia@sycitv.com","Coordenadas":"42\u00B0 35.800\u0027, -8\u00B0 44.754\u0027"},{"NombreEstacion":"Estaci\u00F3n ITV do Porri\u00F1o","Direccion":"Pol\u00EDgono Industrial As G\u00E1ndaras - Parcela 1-1A","Municipio":"Porri\u00F1o, O","CodigoPostal":"36418","Provincia":"Pontevedra","Telefono":"986 333 992 - 881 920 325","HorarioRaw":"de 8.00 a 21.00 horas (de luns a venres) e de 8.00 a 14.30 horas (s\u00E1bados)","UrlCita":"https://www.sycitv.com/gl/cita-previa-particulares/?estacion=o-porrino","Correo":"porrino@sycitv.com","Coordenadas":"42\u00B0 8.108\u0027, -8\u00B0 37.439\u0027"},{"NombreEstacion":"Estaci\u00F3n ITV de Pontevedra-Curro","Direccion":"Estrada Pontevedra - Vilagarc\u00EDa, km 7,5 - Breto\u00F1a - Curro - Santa Mar\u00EDa","Municipio":"Barro","CodigoPostal":"36191","Provincia":"Pontevedra","Telefono":"986 713 360 - 881 920 969","HorarioRaw":"de 8.00 a 21.00 horas (de luns a venres) e de 8.00 a 14.30 horas (s\u00E1bados)","UrlCita":"https://www.sycitv.com/gl/cita-previa-particulares/?estacion=pontevedra-curro","Correo":"curro@sycitv.com","Coordenadas":"42\u00B0 29.850\u0027, -8\u00B0 39.161\u0027"},{"NombreEstacion":"Estaci\u00F3n ITV de Lal\u00EDn","Direccion":"Parque empresarial Lal\u00EDn 2000 - Parcela B-52","Municipio":"Lal\u00EDn","CodigoPostal":"36500","Provincia":"Pontevedra","Telefono":"986 794 103 - 881 920 970","HorarioRaw":"de 8.00 a 21.00 horas (de luns a venres) e de 8.00 a 14.30 horas (s\u00E1bados)","UrlCita":"https://www.sycitv.com/gl/cita-previa-particulares/?estacion=lalin","Correo":"lalin@sycitv.com","Coordenadas":"42\u00B0 40.534\u0027, -8\u00B0 9.183\u0027"},{"NombreEstacion":"Estaci\u00F3n ITV de Bueu","Direccion":"Pol\u00EDgono Industrial de Casti\u00F1eiras - Parcela 32","Municipio":"Bueu","CodigoPostal":"36390","Provincia":"Pontevedra","Telefono":"881 920 493","HorarioRaw":"de 8.00 a 21.00 horas (de luns a venres) e de 8.00 a 14.30 horas (s\u00E1bados)","UrlCita":"https://www.sycitv.com/gl/cita-previa-particulares/?estacion=bueu","Correo":"bueu@sycitv.com","Coordenadas":"42\u00B0 18.347\u0027, -8\u00B0 47.543\u0027"},{"NombreEstacion":"Estaci\u00F3n ITV de Nigr\u00E1n","Direccion":"Parque empresarial Porto do Molle - Parcela 8.12","Municipio":"Nigr\u00E1n","CodigoPostal":"36350","Provincia":"Pontevedra","Telefono":"","HorarioRaw":"de 8.00 a 21.00 horas (de luns a venres) e de 8.00 a 14.30 horas (s\u00E1bados)","UrlCita":"https://www.sycitv.com/gl/cita-previa-particulares/?estacion=nigran","Correo":"","Coordenadas":"42.135887,-8.788971"}]